# svdvals of A, normalized by opnorm(A) 
    # opnorm_list, n_meas_list
1.0,1.0
0.9999968777696638,2.0
0.9999953166289852,3.0
0.5579366609473055,4.0
0.5579306401547448,5.0
0.5579276296625538,6.0
0.3674019655509191,7.0
0.3673934176763576,8.0
0.3673891435010441,9.0
0.26435170002051034,10.0
0.2643411662874423,11.0
0.2643358989763505,12.0
0.201051994871659,13.0
0.2010399680932194,14.0
0.2010339540077653,15.0
0.1587970134891124,16.0
0.15878389753204392,17.0
0.15877733858126392,18.0
0.12890666457747582,19.0
0.12889278719880815,20.0
0.12888584725617766,21.0
0.10685061884502657,22.0
0.10683624686205032,23.0
0.10682905934695479,24.0
0.09004629116273186,25.0
0.0900316412481765,26.0
0.09002431451915549,27.0
0.0769179298018518,28.0
0.07690317653738714,29.0
0.07689579791453123,30.0
0.06645155841311576,31.0
0.06643684090568372,32.0
0.06642947997510859,33.0
0.057966435930391746,34.0
0.05795186351851548,35.0
0.05794457498262319,36.0
0.05098954345949596,37.0
0.050975200688647984,38.0
0.050968026851767295,39.0
0.045182727951781,40.0
0.04516867888943179,41.0
0.04516165181403931,42.0
0.040298417984088154,43.0
0.04028470992366252,44.0
0.04027785328163585,45.0
0.03615164414763009,46.0
0.03613831075362635,47.0
0.03613164139853865,48.0
0.032601770156381715,49.0
0.03258883410849946,50.0
0.03258236339769957,51.0
0.029540223134516565,52.0
0.029527698331227297,53.0
0.02952143322787861,54.0
0.02688204919125584,55.0
0.026869942572370187,56.0
0.026863886557073335,57.0
0.02455997621717863,58.0
0.024548289261314186,59.0
0.024542443081246507,60.0
0.022520160183577623,61.0
0.022508890131298226,62.0
0.022503252412217442,63.0
0.02071908624455959,64.0
0.02070822709213941,65.0
0.02070279483566655,66.0
0.01912127716972486,67.0
0.01911082047248265,68.0
0.019105589458141347,69.0
0.017697575865357876,70.0
0.01768751138386242,71.0
0.01768247649252567,72.0
0.01642384242312851,73.0
0.016414158640415576,74.0
0.016409314113196297,75.0
0.015279954657840624,76.0
0.015270639191167648,77.0
0.015265978835564197,78.0
0.014249033655968905,79.0
0.014240073582710008,80.0
0.014235590935742896,81.0
0.013316838081331883,82.0
0.013308220195118226,83.0
0.013303908651585539,84.0
0.012471286391546129,85.0
0.012462997401986111,86.0
0.012458850314466934,87.0
0.011702076953509503,88.0
0.01169410364038138,89.0
0.011690114396429134,90.0
0.011000383765080897,91.0
0.010992713095860907,92.0
0.010988875176868317,93.0
0.010358611056125016,94.0
0.010351230274127538,95.0
0.010347537299454241,96.0
0.009770194100605206,97.0
0.009763090789605586,98.0
0.009759536548947331,99.0
0.009229436561304994,100.0
0.009222598691467278,101.0
0.009219177167846496,102.0
0.008731376913081032,103.0
0.008724792871998578,104.0
0.00872149825731485,105.0
0.008271678159435263,106.0
0.008265336771472898,107.0
0.008262163476190777,108.0
0.007846536320900177,109.0
0.00784042685735045,110.0
0.007837369515582032,111.0
0.0074526041372802755,112.0
0.007446716319368858,113.0
0.0074437697903758605,114.0
0.007086927166473538,115.0
0.007081251162840579,116.0
0.007078410529780854,117.0
0.006746890035623992,118.0
0.00674141645563295,119.0
0.006738677022200761,120.0
0.006430171046886471,121.0
0.006424890930785061,122.0
0.006422248216295954,123.0
0.006134703689880456,124.0
0.006129608496687041,125.0
0.006127058229994921,126.0
0.005858643888865852,127.0
0.005853725482584875,128.0
0.005851263595208187,129.0
0.005600342031195233,130.0
0.005595592666020435,131.0
0.005593215284699395,132.0
0.005358318998227531,133.0
0.005353731303000495,134.0
0.005351434741930264,135.0
0.00513124555917697,136.0
0.0051268125215353805,137.0
0.005124593274443142,138.0
0.00491792460102469,139.0
0.004913639551483435,140.0
0.004911494283622952,141.0
0.004717275758471656,142.0
0.00471313235456182,143.0
0.0047110578948090075,144.0
0.004528322081578238,145.0
0.00452431429230012,146.0
0.004522307625342117,147.0
0.004350178439230162,148.0
0.004346300529835652,149.0
0.0043443587885802475,150.0
0.004182041405630085,151.0
0.004178287922884408,152.0
0.004176408381055139,153.0
0.004023180417652156,154.0
0.004019546175603526,155.0
0.0040177262406261615,156.0
0.0038729300244943294,157.0
0.0038694100907810734,158.0
0.00386764729692075,159.0
0.003730683078479227,160.0
0.00372727276118567,161.0
0.0037255647629999707,162.0
0.003595884739048473,163.0
0.0035925795742048736,164.0
0.0035909241402417237,165.0
0.003468027181327479,166.0
0.003464822920931894,167.0
0.003463217927770714,168.0
0.0033466449163466363,169.0
0.003343537517012725,170.0
0.003341980943545305,171.0
0.0032313106438306522,172.0
0.0032282962559444612,173.0
0.0032267861779929894,174.0
0.0031216315694540405,175.0
0.0031187065269512155,176.0
0.0031172411121272677,177.0
0.003017246128433936,178.0
0.003014406939074657,179.0
0.003012984441895126,180.0
0.00291782106508541,181.0
0.002915064401230711,182.0
0.0029136831585499187,183.0
0.0028230488248451725,184.0
0.0028203715147955446,185.0
0.00281902994141324,186.0
0.00273264522152204,187.0
0.002730044241246711,188.0
0.0027287408258109378,189.0
0.0026463473469032503,190.0
0.0026438198122548857,191.0
0.002642553113371949,192.0
0.00256391169456893,193.0
0.0025614548539806803,194.0
0.0025602234965182266,195.0
0.0024851124733434133,196.0
0.002482723700827598,197.0
0.0024815263724661464,198.0
0.0024097400886396647,199.0
0.002407416877284766,200.0
0.002406252325208039,201.0
0.002337599773159558,202.0
0.002335339728932953,203.0
0.002334206756762055,204.0
0.0022685103503052827,205.0
0.002266311186173086,206.0
0.0022652086510445073,207.0
0.0022023031157959124,208.0
0.002200162646282262,209.0
0.0021990894560595586,210.0
0.002138820825019054,211.0
0.002136736960932342,212.0
0.0021356920716441023,213.0
0.0020779167745632165,214.0
0.0020758875181305014,215.0
0.0020748699314862657,216.0
0.0020194539683112836,217.0
0.0020174774085505087,218.0
0.002016486169637986,219.0
0.001963304359364216,220.0
0.0019613786676361566,221.0
0.0019604128627149055,222.0
0.0019093481596412919,223.0
0.0019074715856356474,224.0
0.0019065303400913113,225.0
0.0018574732110657815,226.0
0.0018556440787953381,227.0
0.0018547265551659355,228.0
0.0018075744113796438,229.0
0.001805791115507855,230.0
0.001804896511678519,231.0
0.0017595531897959395,232.0
0.001757814192209887,233.0
0.0017569417396172018,234.0
0.001713317027337338,235.0
0.0017116208538417183,236.0
0.001710769815860958,237.0
0.0016687790178345364,238.0
0.0016671242549813044,239.0
0.0016662939253973572,240.0
0.0016258574652262383,241.0
0.0016242427574567858,242.0
0.0016234324589324328,243.0
0.0015844755144077355,244.0
0.0015828995612020551,245.0
0.0015821086439427596,246.0
0.0015445608118795546,247.0
0.0015430223652031544,248.0
0.001542250205594269,249.0
0.0015060451940246092,250.0
0.0015045430557616391,251.0
0.0015037890551846294,252.0
0.001468864399958193,253.0
0.0014673974196210992,254.0
0.0014666610032041678,255.0
0.0014329578071913302,256.0
0.0014315248796463557,257.0
0.001430805495217556,258.0
0.0013982681878812163,259.0
0.001396868251244331,260.0
0.0013961653682445173,261.0
0.001364741483723673,262.0
0.00136337351740439,263.0
0.0013626866258802473,264.0
0.0013323265983104823,265.0
0.001330989621040994,266.0
0.0013303182307256188,267.0
0.001300975204803447,268.0
0.0012996682729853374,269.0
0.00129901191234893,270.0
0.0012706415683850858,271.0
0.0012693637741857942,272.0
0.001268721989659267,273.0
0.001241282381375032,274.0
0.0012400328512614947,275.0
0.0012394052063891018,276.0
0.001212856610819908,277.0
0.0012116345039972294,278.0
0.001211020578649625,279.0
0.0011853253568739298,280.0
0.0011841298637887267,281.0
0.0011835292534665002,282.0
0.0011586517213838165,283.0
0.0011574820624142663,284.0
0.0011568943775754608,285.0
0.0011328006859034833,286.0
0.0011316561099956556,287.0
0.0011310809753389743,288.0
0.0011077389981229613,289.0
0.0011066187815439066,290.0
0.0011060558354582873,291.0
0.0010834350663286982,292.0
0.0010823385115163561,293.0
0.0010817874054634127,294.0
0.0010598588610272832,295.0
0.001058785295469407,296.0
0.001058245693380621,297.0
0.0010369818234489394,298.0
0.001035930598580856,299.0
0.0010354021763988527,300.0
0.0010147767800239395,301.0
0.0010137472702348392,302.0
0.0010132297153380078,303.0
0.0009932178627563072,304.0
0.0009922094644259135,305.0
0.0009917024751894712,306.0
0.000972280434759222,307.0
0.0009712925653551454,308.0
0.0009707958506619365,309.0
0.0009519410208950645,310.0
0.0009509731180004684,311.0
0.0009504863968546952,312.0
0.0009321772425583901,313.0
0.0009312287632105882,314.0
0.000930751764242149,315.0
0.0009129677570958436,316.0
0.0009120381768223428,317.0
0.000911570637958996,318.0
0.0008942922007805412,319.0
0.0008933810129356488,320.0
0.0008929226810028513,321.0
0.0008761311355571365,322.0
0.0008752378505757417,323.0
0.0008747884809199996,324.0
0.0008584659991063638,325.0
0.0008575901438270375,326.0
0.0008571494999773196,327.0
0.0008412790579405144,328.0
0.0008404201749658961,329.0
0.0008399880283201471,330.0
0.000824553363594769,331.0
0.000823711010582925,332.0
0.0008232871401246272,333.0
0.0008082727112191531,334.0
0.0008074464604011341,335.0
0.0008070306523256436,336.0
0.000792421600902722,337.0
0.0007916110384534683,338.0
0.0007912030859307652,339.0
0.0007769852012813682,340.0
0.00077618992679344,341.0
0.0007757896297028624,342.0
0.0007619493152373026,343.0
0.0007611689411535549,344.0
0.0007607761058005924,345.0
0.0007473003476929985,346.0
0.0007465344988511389,347.0
0.0007461489377670245,348.0
0.0007330252752387869,349.0
0.00073227358845914,350.0
0.000731895120059242,351.0
0.0007191116177051439,352.0
0.000718373741182664,353.0
0.0007180021896780644,354.0
0.0007055474110513593,355.0
0.0007048230040938901,356.0
0.0007044581991619904,357.0
0.0006923211821704262,358.0
0.000691609914654211,359.0
0.0006912516913007286,360.0
0.0006794219248122984,361.0
0.0006787234768721079,362.0
0.0006783716752105279,363.0
0.0006668390771749328,364.0
0.0006661531387013607,365.0
0.0006658076037566909,366.0
0.0006545625001870262,367.0
0.0006538887707210791,368.0
0.0006535493522221183,369.0
0.0006425824580454898,370.0
0.0006419206460786124,371.0
0.0006415871983746197,372.0
0.0006308895983813241,373.0
0.0006302394213580276,374.0
0.0006299118031479449,375.0
0.0006194749349849075,376.0
0.0006188361187353719,377.0
0.0006185141929848709,378.0
0.000608329830232339,379.0
0.000607702108830716,380.0
0.0006073857425653599,381.0
0.0005974459794470493,382.0
0.0005968290947515225,383.0
0.0005965181589700257,384.0
0.0005868153952193488,385.0
0.000586209096795214,386.0
0.0005859034662819427,387.0
0.0005764303932874507,388.0
0.0005758344379844391,389.0
0.0005755339911618697,390.0
0.0005662835787076406,391.0
0.0005656977304820109,392.0
0.0005654023493283324,393.0
0.0005563678329706789,394.0
0.0005557918626108876,395.0
0.0005555014325175554,396.0
0.0005466763016809749,397.0
0.0005461099865415939,398.0
0.0005458243962028572,399.0
0.0005372023828568416,400.0
0.0005366455066826774,401.0
0.000536364647959505,402.0
0.0005279397159416718,403.0
0.000527392068557958,404.0
0.0005271158364107434,405.0
0.0005188821711646594,406.0
0.0005183435484474235,407.0
0.0005180718407561603,408.0
0.0005100238397471231,409.0
0.000509494043276999,410.0
0.0005092267608124948,411.0
0.0005013590243768219,412.0
0.0005008378612119199,413.0
0.000500574907519478,414.0
0.0004928822299908301,415.0
0.0004923695126395059,416.0
0.0004921107939198796,417.0
0.0004845881555906909,418.0
0.0004840837016870143,419.0
0.00048382912675391955,420.0
0.00047647168579058666,421.0
0.0004759753179525439,422.0
0.00047572479812174265,423.0
0.0004685278832298414,424.0
0.00046803942891460713,425.0
0.00046779287791316493,426.0
0.00046075198095495796,427.0
0.00046027127243708407,428.0
0.0004600286062989058,429.0
0.00045313937591918074,430.0
0.00045266624982970673,431.0
0.00045242738690145313,432.0
0.0004456856216867173,433.0
0.0004452199191385215,434.0
0.00044498477993746503,435.0
0.000438386422516008,436.0
0.00043792798880593775,437.0
0.00043769649598329855,438.0
0.0004312376269663664,439.0
0.0004307863115464333,440.0
0.00043055838976308026,441.0
0.0004242352224335216,442.0
0.0004237908786957974,443.0
0.00042356645462721993,444.0
0.0004173753292917957,445.0
0.00041693781452078555,446.0
0.00041671681676417384,447.0
0.00041065419592499594,448.0
0.0004102233711035695,449.0
0.00041000573010574546,450.0
0.000404068193563045,451.0
0.000403643923252377,452.0
0.00040342957131140044,453.0
0.0003976138113997464,454.0
0.0003971959637400844,455.0
0.00039698483484060135,456.0
0.00039128765231743464,457.0
0.0003908760987199381,458.0
0.0003906681285482476,459.0
0.0003850864280230686,460.0
0.00038468104327542616,461.0
0.0003844761692171837,462.0
0.00037900695536926323,463.0
0.0003786076174728347,464.0
0.0003784057784179855,465.0
0.0003730461522127773,466.0
0.00037265274212705003,467.0
0.00037245387856131416,468.0
0.0003672010333899263,469.0
0.00036681343512779535,470.0
0.0003666174890692386,471.0
0.0003614687071731733,472.0
0.0003610868077106667,473.0
0.00036089372249052166,474.0
0.0003558463719972552,475.0
0.0003554700610586381,476.0
0.0003552797815676741,477.0
0.0003503313128667128,478.0
0.00034996048286298247,479.0
0.0003497729552719471,480.0
0.00034492089820136254,481.0
0.00034455544429047157,482.0
0.00034437061612042013,483.0
0.00033961257679494214,484.0
0.0003392523966773579,485.0
0.00033907021669375123,486.0
0.00033440387514109505,487.0
0.0003340488689252054,488.0
0.00033386928719754004,489.0
0.00032929239399862666,490.0
0.00032894246436731195,491.0
0.00032876543210025885,492.0
0.0003242758064882805,493.0
0.0003239308583039892,494.0
0.00032375632799686905,495.0
0.000319351854886498,496.0
0.00031901179540303913,497.0
0.00031883972056222026,498.0
0.0003145183484177782,499.0
0.00031418308707001656,500.0
0.0003140134223944358,501.0
0.0003097731608746011,502.0
0.00030944260929495335,503.0
0.0003092753105350458,504.0
0.000305114228486391,505.0
0.0003047883002934445,506.0
0.0003046233242356753,507.0
0.0003005395474444947,508.0
0.0003002181583250098,509.0
0.00030005546279411946,510.0
0.0002960471718691635,511.0
0.0002957302396226927,512.0
0.00029556978335299226,513.0
0.0002916352122027105,514.0
0.000291322656320123,515.0
0.00029116439907485027,516.0
0.0002873018326662666,517.0
0.0002869935746133997,518.0
0.00028683747710980394,519.0
0.00028304524986194054,520.0
0.0002827412129213461,521.0
0.00028258723676249323,522.0
0.00027886373083553057,523.0
0.0002785638400703481,524.0
0.00027841194767014424,525.0
0.00027475559146970146,526.0
0.0002744597735684037,527.0
0.00027430992829349603,528.0
0.00027071919459586573,529.0
0.0002704273780197148,530.0
0.0002702795439833052,531.0
0.00026675294875506077,532.0
0.0002664650635434826,533.0
0.0002663192057190351,534.0
0.0002628553065464062,535.0
0.00026257128420137756,536.0
0.00026242736836305525,537.0
0.00025902476294519124,538.0
0.0002587445366126464,539.0
0.00025860252925404833,540.0
0.000255259854167536,541.0
0.0002549833586163213,542.0
0.00025484322698410636,543.0
0.0002515591564831403,544.0
0.00025128632768485135,545.0
0.0002511480397774196,546.0
0.0002479212845005611,547.0
0.00024765205988691043,548.0
0.00024751558442463105,549.0
0.00024434489012582804,550.0
0.0002440792085998931,551.0
0.00024394451491724793,552.0
0.00024082866135524835,553.0
0.00024056646308826627,554.0
0.00024043352127786928,555.0
0.00023737132119812748,556.0
0.00023711254769743237,557.0
0.00023698132844860925,558.0
0.0002339716263761475,559.0
0.00023371622042962244,560.0
0.0002335866950078154,561.0
0.00023062836650248442,562.0
0.00023037627205836218,563.0
0.00023024841246039546,564.0
0.00022734036279695098,565.0
0.0002270915250972839,566.0
0.0002269653038658451,567.0
0.00022410646723475375,568.0
0.0002238608326738788,569.0
0.00022373622290094945,570.0
0.00022092556164866685,571.0
0.00022068307765449327,572.0
0.00022056005312215727,573.0
0.00021779655658665329,574.0
0.00021755717180242852,575.0
0.00021743570674047472,576.0
0.00021471839063947612,577.0
0.0002144820546757963,578.0
0.00021436212391061417,579.0
0.00021169002935225338,580.0
0.00021145669312568996,581.0
0.00021133827189271945,582.0
0.00020871046478853803,583.0
0.00020848007996906157,584.0
0.00020836314421183189,585.0
0.00020577871427779635,586.0
0.00020555123367511165,587.0
0.00020543575967600587,588.0
0.00020289381989503237,589.0
0.00020266919731621303,590.0
0.0002025551619434768,591.0
0.00020005484771001356,592.0
0.00019983303782038857,593.0
0.00019972041833563002,594.0
0.00019726088703716965,595.0
0.00019704184553001285,596.0
0.00019693061973923674,597.0
0.0001945110497909991,598.0
0.00019429473312618947,599.0
0.00019418487924747213,600.0
0.00019180446950517143,601.0
0.0001915908352497713,602.0
0.00019148233193972512,603.0
0.00018914030141696693,604.0
0.00018892930766586027,605.0
0.0001888221340738019,606.0
0.00018651772081791773,607.0
0.0001863093268516132,608.0
0.00018620346243114605,609.0
0.0001839359234484139,610.0
0.0001837300891343381,611.0
0.0001836255138584844,612.0
0.00018139412421885632,613.0
0.00018119081040670866,614.0
0.0001810875045288741,615.0
0.00017889155715935325,616.0
0.00017869072521228417,617.0
0.00017858866954236237,618.0
0.00017642747428240133,619.0
0.00017622908659508342,620.0
0.00017612826218796975,621.0
0.00017400114560058486,622.0
0.000173805165241162,623.0
0.00017370555356863813,624.0
0.00017161185848590466,625.0
0.0001714182491395867,626.0
0.0001713198320253257,627.0
0.00016925891697275322,628.0
0.00016906764315693492,629.0
0.00016897040278217405,630.0
0.00016694164149314995,631.0
0.00016675266828868892,632.0
0.00016665658719951958,633.0
0.00016465936821985,634.0
0.00016447266151846046,635.0
0.00016437772259695742,636.0
0.0001624114489032543,637.0
0.0001622269751973979,638.0
0.0001621331616138372,639.0
0.00016019725020913477,640.0
0.0001600149765737796,641.0
0.00015992227186629839,642.0
0.00015801615342456404,643.0
0.00015783604763622465,644.0
0.00015774443566140043,645.0
0.00015586755387927954,646.0
0.00015568958432793305,647.0
0.00015559904919811403,648.0
0.00015375086081296734,649.0
0.00015357499651510957,650.0
0.00015348552263660942,651.0
0.00015166549692459521,652.0
0.00015149170731778587,653.0
0.0001514032794925435,654.0
0.00014961089769533075,655.0
0.00014943915301964176,656.0
0.00014935175622308774,657.0
0.00014758651164231264,658.0
0.0001474167825411719,659.0
0.00014733040209783218,660.0
0.00014559179927065374,661.0
0.00014542405700758413,662.0
0.00014533867851951839,663.0
0.00014362623344754124,664.0
0.00014346044973473647,665.0
0.00014337605899817678,666.0
0.00014168929840092378,667.0
0.00014152544565020647,668.0
0.0001414420287262521,669.0
0.00013978049009266816,670.0
0.00013961854096349822,671.0
0.0001395360842834444,672.0
0.00013789931513693418,673.0
0.00013773924297831502,674.0
0.00013765773313146505,675.0
0.0001360452914132065,676.0
0.00013588706994733783,677.0
0.00013580649374517239,678.0
0.00013421794682168283,679.0
0.00013406155037784192,680.0
0.00013398189495844216,681.0
0.00013241681982280695,682.0
0.00013226222307411752,683.0
0.00013218347574128428,684.0
0.00013064145871323577,685.0
0.0001304886368718089,686.0
0.0001304107851738925,687.0
0.0001288914215614987,688.0
0.00012874035025821,689.0
0.0001286633819901349,690.0
0.0001271662758299483,691.0
0.00012701693100829688,692.0
0.0001269408341250159,693.0
0.00012546559807303037,694.0
0.00012531795642277757,695.0
0.0001252427191469713,696.0
0.00012378897415243363,697.0
0.00012364301241897952,698.0
0.0001235686231621728,699.0
0.0001221359982858544,700.0
0.0001219916939040086,701.0
0.00012191814120400204,702.0
0.00012050627348013375,703.0
0.00012036360406344102,704.0
0.00012029087685130024,705.0
0.0001188994110205569,706.0
0.00011875835467140724,707.0
0.000118686441901753,708.0
0.00011731503007873212,709.0
0.0001171755653148598,710.0
0.00011710445616892087,711.0
0.00011575275803740185,712.0
0.00011561486367034638,713.0
0.00011554454759362914,714.0
0.00011421222968896073,715.0
0.00011407588493420146,716.0
0.00011400635149001456,717.0
0.00011269308744143104,718.0
0.00011255827193264146,719.0
0.00011248951083770833,720.0
0.00011119498114161329,721.0
0.00011106167470377461,722.0
0.00011099367593592888,723.0
0.00010971756755125051,724.0
0.00010958575057398404,725.0
0.00010951850411434318,726.0
0.0001082605105292125,727.0
0.00010813016359807334,728.0
0.00010806365982164697,729.0
0.0001068234807740217,730.0
0.00010669458474495259,731.0
0.0001066288140444961,732.0
0.00010540615551927018,733.0
0.00010527869166646208,734.0
0.0001052136446844795,735.0
0.00010400821837973695,736.0
0.0001038821683481588,737.0
0.00010381783575604911,738.0
0.00010262935957010294,739.0
0.00010250470517559512,740.0
0.00010244107790476367,741.0
0.00010126927518030523,742.0
0.00010114599858496506,743.0
0.0001010830676938808,744.0
9.992766738703432e-5,745.0
9.980575109260814e-5,746.0
9.97435077771372e-5,747.0
9.860424432642349e-5,748.0
9.848367103631877e-5,749.0
9.842210667970038e-5,750.0
9.729871963941577e-5,751.0
9.717947259571541e-5,752.0
9.711857862357692e-5,753.0
9.601081301498885e-5,754.0
9.58928753464138e-5,755.0
9.58326434164716e-5,756.0
9.474024904976649e-5,757.0
9.462360433076331e-5,758.0
9.456402626075498e-5,759.0
9.348675800663655e-5,760.0
9.33713901836762e-5,761.0
9.331245780661575e-5,762.0
9.225007518346548e-5,763.0
9.2135968413294e-5,764.0
9.207767379906684e-5,765.0
9.102994116005534e-5,766.0
9.09170798116978e-5,767.0
9.085941503129008e-5,768.0
8.982610141246267e-5,769.0
8.971447005735024e-5,770.0
8.965742747614262e-5,771.0
8.863830597904167e-5,772.0
8.852788957246295e-5,773.0
8.84714615846441e-5,774.0
8.746631011925334e-5,775.0
8.735709375389845e-5,776.0
8.730127289649827e-5,777.0
8.630987348103937e-5,778.0
8.620184246517704e-5,779.0
8.614662137544582e-5,780.0
8.516876001047287e-5,781.0
8.50619000782988e-5,782.0
8.50072714611042e-5,783.0
8.404273868430176e-5,784.0
8.393703546420855e-5,785.0
8.388299228596388e-5,786.0
8.293158209858085e-5,787.0
8.282702176450438e-5,788.0
8.277355693425692e-5,789.0
8.183506755170833e-5,790.0
8.173163629525823e-5,791.0
8.167874292261886e-5,792.0
8.07529762546221e-5,793.0
8.065066053488956e-5,794.0
8.059833189585397e-5,795.0
7.96850935644702e-5,796.0
7.958388014578462e-5,797.0
7.95321094448661e-5,798.0
7.863120873911486e-5,799.0
7.853108439228046e-5,800.0
7.847986514906098e-5,801.0
7.759111484325045e-5,802.0
7.749206669425184e-5,803.0
7.744139238567715e-5,804.0
7.656460878134877e-5,805.0
7.646662416267383e-5,806.0
7.641648835552306e-5,807.0
7.555149123180383e-5,808.0
7.54545575206667e-5,809.0
7.540495399848528e-5,810.0
7.455156614749902e-5,811.0
7.445567111148555e-5,812.0
7.440659358589508e-5,813.0
7.356464142096731e-5,814.0
7.346977282283657e-5,815.0
7.342121526201469e-5,816.0
7.259052818658755e-5,817.0
7.249667409967328e-5,818.0
7.244863044271422e-5,819.0
7.162904080653164e-5,820.0
7.153618949845075e-5,821.0
7.148865386225703e-5,822.0
7.067999736611211e-5,823.0
7.058813715549351e-5,824.0
7.054110372878423e-5,825.0
6.974321868345641e-5,826.0
6.965233825660422e-5,827.0
6.960580121402451e-5,828.0
6.881852920737804e-5,829.0
6.872861719095764e-5,830.0
6.868257095436909e-5,831.0
6.790575602704451e-5,832.0
6.781680140828102e-5,833.0
6.777124035636868e-5,834.0
6.70047296810372e-5,835.0
6.691672145367555e-5,836.0
6.687164010640056e-5,837.0
6.611528335701794e-5,838.0
6.602821079086508e-5,839.0
6.598360370076025e-5,840.0
6.523725335277071e-5,841.0
6.515110578886618e-5,842.0
6.510696766815178e-5,843.0
6.4370478532897e-5,844.0
6.428524563288773e-5,845.0
6.424157119187079e-5,846.0
6.351480089996407e-5,847.0
6.343047220869244e-5,848.0
6.338725629388478e-5,849.0
6.267006502665527e-5,850.0
6.258663035146134e-5,851.0
6.254386782545877e-5,852.0
6.183611795599923e-5,853.0
6.175356729368862e-5,854.0
6.171125318780913e-5,855.0
6.1012809519215534e-5,856.0
6.0931133050448944e-5,857.0
6.088926236844642e-5,858.0
6.0199992157352305e-5,859.0
6.011918014796275e-5,860.0
6.0077747936315666e-5,861.0
5.939752051154962e-5,862.0
5.931756344224557e-5,863.0
5.927656492916395e-5,864.0
5.860525217441493e-5,865.0
5.852614047346319e-5,866.0
5.848557094054383e-5,867.0
5.7823046571404284e-5,868.0
5.7744771050704263e-5,869.0
5.7704625753801845e-5,870.0
5.705076598164124e-5,871.0
5.6973317356016816e-5,872.0
5.6933591656427876e-5,873.0
5.628827470576178e-5,874.0
5.621164393621103e-5,875.0
5.61723332833154e-5,876.0
5.553543935324761e-5,877.0
5.545961747778569e-5,878.0
5.54207174097576e-5,879.0
5.479212869666074e-5,880.0
5.471710680442361e-5,881.0
5.467861294965581e-5,882.0
5.405821363099278e-5,883.0
5.398398316470781e-5,884.0
5.3945891042065794e-5,885.0
5.333356734725591e-5,886.0
5.32601197316543e-5,887.0
5.3222425037309506e-5,888.0
5.261806505241456e-5,889.0
5.2545391695381024e-5,890.0
5.250809027015598e-5,891.0
5.191158382022511e-5,892.0
5.1839676488643494e-5,893.0
5.180276404922674e-5,894.0
5.121400297021668e-5,895.0
5.114285344262201e-5,896.0
5.110632586004864e-5,897.0
5.0525203500106314e-5,898.0
5.045480367345546e-5,899.0
5.041865690126747e-5,900.0
4.984506860522222e-5,901.0
4.977541051151404e-5,902.0
4.9739640488576725e-5,903.0
4.91734832979588e-5,904.0
4.910455893394748e-5,905.0
4.9069161687444765e-5,906.0
4.851033427849136e-5,907.0
4.8442135827147864e-5,908.0
4.8407107547469376e-5,909.0
4.785551005615683e-5,910.0
4.7788029986800244e-5,911.0
4.775336660957378e-5,912.0
4.720890114203554e-5,913.0
4.714213172101052e-5,914.0
4.71078294949437e-5,915.0
4.657039948468437e-5,916.0
4.650433326018037e-5,917.0
4.647038851023853e-5,918.0
4.59398989298811e-5,919.0
4.587452862958048e-5,920.0
4.5840937531868655e-5,921.0
4.5317295034437534e-5,922.0
4.525261328858288e-5,923.0
4.5219372255367585e-5,924.0
4.470248490382457e-5,925.0
4.4638484416332055e-5,926.0
4.460558977187503e-5,927.0
4.4095367002930925e-5,928.0
4.403204082638037e-5,929.0
4.399948900558719e-5,930.0
4.349584193731667e-5,931.0
4.3433182863439915e-5,932.0
4.340097038963098e-5,933.0
4.2903811393555296e-5,934.0
4.284181264571465e-5,935.0
4.280993600237337e-5,936.0
4.231917855551737e-5,937.0
4.225783336538123e-5,938.0
4.2226289089660825e-5,939.0
4.1741848469608915e-5,940.0
4.168114995969951e-5,941.0
4.1649934670447397e-5,942.0
4.117172727129568e-5,943.0
4.11116688301736e-5,944.0
4.108077920193927e-5,945.0
4.0608722787447035e-5,946.0
4.054929788634453e-5,947.0
4.051873058310815e-5,948.0
4.00527440746006e-5,949.0
3.9993946116104984e-5,950.0
3.9963697899902924e-5,951.0
3.950370162293058e-5,952.0
3.94455242419184e-5,953.0
3.941559184187985e-5,954.0
3.8961507291242754e-5,955.0
3.890394408485341e-5,956.0
3.8874324383118674e-5,957.0
3.8426074083595515e-5,958.0
3.8369119011482775e-5,959.0
3.833980873035251e-5,960.0
3.789731665312587e-5,961.0
3.784096345272977e-5,962.0
3.78119596259599e-5,963.0
3.7375150790218406e-5,964.0
3.731939327148826e-5,965.0
3.729069277239779e-5,966.0
3.685949340102675e-5,967.0
3.6804325564269955e-5,968.0
3.677592539633158e-5,969.0
3.635026270961104e-5,970.0
3.629567866400942e-5,971.0
3.626757580029599e-5,972.0
3.584737797859412e-5,973.0
3.579337195334955e-5,974.0
3.57655633803549e-5,975.0
3.5350760239870086e-5,976.0
3.529732623808962e-5,977.0
3.5269809146438116e-5,978.0
3.486033083182714e-5,979.0
3.4807463328920424e-5,980.0
3.4780234730284556e-5,981.0
3.437601313658752e-5,982.0
3.43237062077273e-5,983.0
3.4296763343498334e-5,984.0
3.389773076232375e-5,985.0
3.384597907575701e-5,986.0
3.381931904917215e-5,987.0
3.3425409184230735e-5,988.0
3.337420700868085e-5,989.0
3.3347827097887986e-5,990.0
3.2958974569783854e-5,991.0
3.290831652784327e-5,992.0
3.288221395854761e-5,993.0
3.249835401247642e-5,994.0
3.244823474145916e-5,995.0
3.242240677298264e-5,996.0
3.204347612688083e-5,997.0
3.1993890229114014e-5,998.0
3.196833424214252e-5,999.0
3.1594269983932796e-5,1000.0
3.154521237070155e-5,1001.0
3.1519925584735315e-5,1002.0
3.115066637014565e-5,1003.0
3.110213163805401e-5,1004.0
3.1077111570674046e-5,1005.0
3.0712596401213544e-5,1006.0
3.066457942309302e-5,1007.0
3.063982342038324e-5,1008.0
3.0279992482279126e-5,1009.0
3.023248806579442e-5,1010.0
3.0207993615293725e-5,1011.0
2.9852787700023265e-5,1012.0
2.980579102750596e-5,1013.0
2.9781555481686177e-5,1014.0
2.943091641294e-5,1015.0
2.9384422587407706e-5,1016.0
2.9360443455992007e-5,1017.0
2.9014313931670373e-5,1018.0
2.8968317829478293e-5,1019.0
2.8944592705771933e-5,1020.0
2.8602916169553123e-5,1021.0
2.8557412964276566e-5,1022.0
2.8533939393621362e-5,1023.0
2.819666011565825e-5,1024.0
2.815164499380286e-5,1025.0
2.8128420609230844e-5,1026.0
2.7795483515377903e-5,1027.0
2.7750951771117028e-5,1028.0
2.7727974060813566e-5,1029.0
2.7399325099687127e-5,1030.0
2.7355272060409088e-5,1031.0
2.7332538763152613e-5,1032.0
2.7008124375568065e-5,1033.0
2.6964545405830936e-5,1034.0
2.6942054081618606e-5,1035.0
2.662182171029966e-5,1036.0
2.6578712218688562e-5,1037.0
2.6556460598680213e-5,1038.0
2.6240358333831926e-5,1039.0
2.6197713734639817e-5,1040.0
2.6175699568047628e-5,1041.0
2.5863676084143008e-5,1042.0
2.5821491981084265e-5,1043.0
2.5799712946681345e-5,1044.0
2.5491717847505773e-5,1045.0
2.5449989794927582e-5,1046.0
2.5428443663852843e-5,1047.0
2.5124427041514633e-5,1048.0
2.508315064213768e-5,1049.0
2.5061835248358233e-5,1050.0
2.4761748207882368e-5,1051.0
2.4720919000921193e-5,1052.0
2.469983216523468e-5,1053.0
2.440362605598592e-5,1054.0
2.4363239897434048e-5,1055.0
2.4342379385687086e-5,1056.0
2.4050006631684326e-5,1057.0
2.401005920733899e-5,1058.0
2.3989422926065253e-5,1059.0
2.3700836242507627e-5,1060.0
2.366132340140404e-5,1061.0
2.3640909251934843e-5,1062.0
2.3356062296681246e-5,1063.0
2.331697984125498e-5,1064.0
2.329678569448567e-5,1065.0
2.3015632538330364e-5,1066.0
2.297697649264138e-5,1067.0
2.2957000201533815e-5,1068.0
2.2679495901912237e-5,1069.0
2.2641261919177125e-5,1070.0
2.2621501675336126e-5,1071.0
2.2347601233897908e-5,1072.0
2.2309785556289434e-5,1073.0
2.22902390592631e-5,1074.0
2.20198986849074e-5,1075.0
2.198249724651385e-5,1076.0
2.1963162670918507e-5,1077.0
2.169633899074584e-5,1078.0
2.1659347864820463e-5,1079.0
2.164022310830409e-5,1080.0
2.137687326305811e-5,1081.0
2.1340288567095646e-5,1082.0
2.1321371737280536e-5,1083.0
2.1061453413832525e-5,1084.0
2.102527123128819e-5,1085.0
2.1006560325176098e-5,1086.0
2.0750031926215076e-5,1087.0
2.071424852788125e-5,1088.0
2.0695741687465297e-5,1089.0
2.0442562013017154e-5,1090.0
2.0407173538198544e-5,1091.0
2.038886880788642e-5,1092.0
2.013899727925178e-5,1093.0
2.0104000023991916e-5,1094.0
2.0085895570899054e-5,1095.0
1.9839292187753523e-5,1096.0
1.9804682421553242e-5,1097.0
1.9786776354570773e-5,1098.0
1.9543401413629498e-5,1099.0
1.9509175617338433e-5,1100.0
1.9491465990450224e-5,1101.0
1.9251280785869682e-5,1102.0
1.9217435159547843e-5,1103.0
1.919992034290919e-5,1104.0
1.896288610384517e-5,1105.0
1.892941712032271e-5,1106.0
1.8912095179035183e-5,1107.0
1.867817400392573e-5,1108.0
1.864507818808991e-5,1109.0
1.862794729194528e-5,1110.0
1.8397101554348515e-5,1111.0
1.8364375419191928e-5,1112.0
1.8347433842459213e-5,1113.0
1.8119626615505083e-5,1114.0
1.808726666726006e-5,1115.0
1.8070512658944753e-5,1116.0
1.784570738184929e-5,1117.0
1.7813710110745064e-5,1118.0
1.7797141954019075e-5,1119.0
1.7575302559747042e-5,1120.0
1.7543664587881094e-5,1121.0
1.7527280575615777e-5,1122.0
1.7308371371372274e-5,1123.0
1.727708933340368e-5,1124.0
1.726088769500375e-5,1125.0
1.704487366273398e-5,1126.0
1.7013944198918095e-5,1127.0
1.699792326562699e-5,1128.0
1.678476965931589e-5,1129.0
1.6754189475622728e-5,1130.0
1.673834764841441e-5,1131.0
1.6528020160395436e-5,1132.0
1.6497785919771457e-5,1133.0
1.6482121546426626e-5,1134.0
1.6274586210112408e-5,1135.0
1.624469489293885e-5,1136.0
1.622920612174244e-5,1137.0
1.602442985384004e-5,1138.0
1.5994877986101336e-5,1139.0
1.5979563468681606e-5,1140.0
1.577751298298977e-5,1141.0
1.574829754693503e-5,1142.0
1.5733155565769563e-5,1143.0
1.5533798324029274e-5,1144.0
1.5504916129241485e-5,1145.0
1.5489945013872843e-5,1146.0
1.5293249003850194e-5,1147.0
1.5264696950520233e-5,1148.0
1.5249895204445057e-5,1149.0
1.5055828685744893e-5,1150.0
1.5027603554765831e-5,1151.0
1.5012969681704285e-5,1152.0
1.4821501253162405e-5,1153.0
1.4793599977217621e-5,1154.0
1.4779132388580672e-5,1155.0
1.4590230855530417e-5,1156.0
1.456265067721419e-5,1157.0
1.4548347748745954e-5,1158.0
1.4361982706613812e-5,1159.0
1.4334720463132655e-5,1160.0
1.432058074374249e-5,1161.0
1.4136722081367215e-5,1162.0
1.4109774666250587e-5,1163.0
1.4095796713160917e-5,1164.0
1.391441428066589e-5,1165.0
1.3887779099670245e-5,1166.0
1.3873961240748684e-5,1167.0
1.3695025868305414e-5,1168.0
1.3668699709925653e-5,1169.0
1.3655040678279142e-5,1170.0
1.3478523053349214e-5,1171.0
1.3452503099245484e-5,1172.0
1.3439001348423185e-5,1173.0
1.3264872685773814e-5,1174.0
1.3239156141272485e-5,1175.0
1.3225810194788754e-5,1176.0
1.3054042264212643e-5,1177.0
1.302862617804617e-5,1178.0
1.3015434647074784e-5,1179.0
1.284599929049891e-5,1180.0
1.2820880929791486e-5,1181.0
1.2807842451870284e-5,1182.0
1.264071180764771e-5,1183.0
1.2615888458266542e-5,1184.0
1.2603001477491782e-5,1185.0
1.2438148296818073e-5,1186.0
1.2413617158996792e-5,1187.0
1.240088034072046e-5,1188.0
1.2238277532030418e-5,1189.0
1.2214035790673499e-5,1190.0
1.2201447719274698e-5,1191.0
1.2041068755306206e-5,1192.0
1.2017113713094236e-5,1193.0
1.2004673053643374e-5,1194.0
1.1846491245539958e-5,1195.0
1.1822820265110809e-5,1196.0
1.1810525684343141e-5,1197.0
1.1654514993946946e-5,1198.0
1.1631125358250196e-5,1199.0
1.1618975524042259e-5,1200.0
1.1465110243575539e-5,1201.0
1.1441999390213856e-5,1202.0
1.1429992846627542e-5,1203.0
1.1278247402087086e-5,1204.0
1.1255412702075534e-5,1205.0
1.1243548204002259e-5,1206.0
1.109389746196543e-5,1207.0
1.1071336299522789e-5,1208.0
1.1059612550046124e-5,1209.0
1.0912031545202982e-5,1210.0
1.0889741430235002e-5,1211.0
1.0878157106680655e-5,1212.0
1.0732621500730513e-5,1213.0
1.071059966575615e-5,1214.0
1.0699153522171442e-5,1215.0
1.0555638816781667e-5,1216.0
1.0533882844757236e-5,1217.0
1.052257360045888e-5,1218.0
1.0381055731736906e-5,1219.0
1.0359563241328486e-5,1220.0
1.0348389592707374e-5,1221.0
1.0208844924330706e-5,1222.0
1.018761327911763e-5,1223.0
1.0176573975656704e-5,1224.0
1.0038979056619893e-5,1225.0
1.0018006006765968e-5,1226.0
1.0007099730317504e-5,1227.0
9.871431374896145e-6,1228.0
9.85071432385533e-6,1229.0
9.839939938510497e-6,1230.0
9.706175077424604e-6,1231.0
9.685711674544995e-6,1232.0
9.675067961181372e-6,1233.0
9.543184080444367e-6,1234.0
9.522971958982826e-6,1235.0
9.512457568214417e-6,1236.0
9.382432387969826e-6,1237.0
9.362469069949533e-6,1238.0
9.352082931673406e-6,1239.0
9.223894168429463e-6,1240.0
9.204177402351785e-6,1241.0
9.193918319449951e-6,1242.0
9.067544073741892e-6,1243.0
9.04807149692288e-6,1244.0
9.037938186346521e-6,1245.0
8.913357019623327e-6,1246.0
8.894126222735365e-6,1247.0
8.884117646808758e-6,1248.0
8.761307903466864e-6,1249.0
8.742316778603629e-6,1250.0
8.732431674357743e-6,1251.0
8.611372435056536e-6,1252.0
8.592618600920115e-6,1253.0
8.582855788897445e-6,1254.0
8.463526229846961e-6,1255.0
8.445007331267708e-6,1256.0
8.435365786597361e-6,1257.0
8.317744972165808e-6,1258.0
8.299458960262142e-6,1259.0
8.289937479034064e-6,1260.0
8.174005360895086e-6,1261.0
8.155949848716706e-6,1262.0
8.146547306369077e-6,1263.0
8.032283223437896e-6,1264.0
8.014456232470012e-6,1265.0
8.005171467645337e-6,1266.0
7.892555796052206e-6,1267.0
7.874954934806632e-6,1268.0
7.865786898622683e-6,1269.0
7.754799901096908e-6,1270.0
7.737423081886356e-6,1271.0
7.728370710324245e-6,1272.0
7.618992649183357e-6,1273.0
7.601837681112792e-6,1274.0
7.592899884108462e-6,1275.0
7.485111600380923e-6,1276.0
7.46817649098045e-6,1277.0
7.459352075989493e-6,1278.0
7.3531345470251704e-6,1279.0
7.336417023918203e-6,1280.0
7.327705011209328e-6,1281.0
7.223039280664728e-6,1282.0
7.206537400288999e-6,1283.0
7.197936676586088e-6,1284.0
7.094804127722753e-6,1285.0
7.078515767109005e-6,1286.0
7.07002530265031e-6,1287.0
6.968407433480069e-6,1288.0
6.952330422636059e-6,1289.0
6.943949170462327e-6,1290.0
6.843827764130754e-6,1291.0
6.827960227179349e-6,1292.0
6.8196870908852465e-6,1293.0
6.721044240838306e-6,1294.0
6.7053839270626695e-6,1295.0
6.697217994877345e-6,1296.0
6.6000356922704235e-6,1297.0
6.584580764177479e-6,1298.0
6.576520893383114e-6,1299.0
6.480781616750599e-6,1300.0
6.465529932716204e-6,1301.0
6.457575178229921e-6,1302.0
6.363261365828067e-6,1303.0
6.348211096661812e-6,1304.0
6.340360403999782e-6,1305.0
6.247454681082751e-6,1306.0
6.2326039403241575e-6,1307.0
6.224856372411272e-6,1308.0
6.133341882071772e-6,1309.0
6.118688539402819e-6,1310.0
6.111043082667671e-6,1311.0
6.020902837947137e-6,1312.0
6.006445064316027e-6,1313.0
5.998900630444103e-6,1314.0
5.910118125932409e-6,1315.0
5.895853812241182e-6,1316.0
5.88840961743188e-6,1317.0
5.80096804546908e-6,1318.0
5.786895550745148e-6,1319.0
5.7795504654677e-6,1320.0
5.693433609211938e-6,1321.0
5.679550819431916e-6,1322.0
5.672303994561867e-6,1323.0
5.587495659069219e-6,1324.0
5.573800912775969e-6,1325.0
5.566651260633139e-6,1326.0
5.483135529678553e-6,1327.0
5.469626813878869e-6,1328.0
5.462573569789893e-6,1329.0
5.380334493677527e-6,1330.0
5.36701005905158e-6,1331.0
5.360052202987267e-6,1332.0
5.2790741708290175e-6,1333.0
5.265932167740038e-6,1334.0
5.259068708323269e-6,1335.0
5.179336401873525e-6,1336.0
5.1663749496056225e-6,1337.0
5.159605033552937e-6,1338.0
5.081103037623581e-6,1339.0
5.0683203299521495e-6,1340.0
5.06164302644738e-6,1341.0
4.984356158884502e-6,1342.0
4.9717504580479404e-6,1343.0
4.965164730888009e-6,1344.0
4.8890782085832365e-6,1345.0
4.8766477496252775e-6,1346.0
4.8701528175986e-6,1347.0
4.795251649116667e-6,1348.0
4.782994575160084e-6,1349.0
4.7765895535453755e-6,1350.0
4.702858980777409e-6,1351.0
4.690773777194249e-6,1352.0
4.684457731807266e-6,1353.0
4.611883320970102e-6,1354.0
4.599968084075994e-6,1355.0
4.59374011813073e-6,1356.0
4.522307612797636e-6,1357.0
4.510560629509404e-6,1358.0
4.504419853891821e-6,1359.0
4.434115053747647e-6,1360.0
4.422534649291687e-6,1361.0
4.416480175659712e-6,1362.0
4.34728889317851e-6,1363.0
4.335873371803583e-6,1364.0
4.329904365519405e-6,1365.0
4.261812729991025e-6,1366.0
4.250560480822404e-6,1367.0
4.244676096496222e-6,1368.0
4.177670579424616e-6,1369.0
4.166579648468917e-6,1370.0
4.160779090979393e-6,1371.0
4.094845811316906e-6,1372.0
4.083914768970909e-6,1373.0
4.078197128200543e-6,1374.0
4.013322782870226e-6,1375.0
4.002549973580085e-6,1376.0
3.99691438060227e-6,1377.0
3.933085587451015e-6,1378.0
3.922469300473467e-6,1379.0
3.916914985864572e-6,1380.0
3.854118640343101e-6,1381.0
3.843657233350339e-6,1382.0
3.8381833182441545e-6,1383.0
3.7764062581126537e-6,1384.0
3.7660982466020215e-6,1385.0
3.7607039495515473e-6,1386.0
3.6999333105298914e-6,1387.0
3.6897771105053653e-6,1388.0
3.684461564850016e-6,1389.0
3.62468465737782e-6,1390.0
3.6146784956630255e-6,1391.0
3.6094409308025745e-6,1392.0
3.5506450256532874e-6,1393.0
3.540787460323635e-6,1394.0
3.5356270544229356e-6,1395.0
3.4777996848917627e-6,1396.0
3.4680891203767863e-6,1397.0
3.4630050918515642e-6,1398.0
3.406133894534227e-6,1399.0
3.3965688644321595e-6,1400.0
3.3915603262814226e-6,1401.0
3.3356330762438858e-6,1402.0
3.3262118710380597e-6,1403.0
3.3212781731291774e-6,1404.0
3.266282735794475e-6,1405.0
3.257003954666136e-6,1406.0
3.252144243229543e-6,1407.0
3.1980685627103227e-6,1408.0
3.1889307283389467e-6,1409.0
3.1841442161966735e-6,1410.0
3.130976492088051e-6,1411.0
3.121978067195625e-6,1412.0
3.1172639878406617e-6,1413.0
3.064992516545242e-6,1414.0
3.0561318979142427e-6,1415.0
3.0514895458858554e-6,1416.0
3.0001026773302384e-6,1417.0
2.9913784613623297e-6,1418.0
2.986807027477752e-6,1419.0
2.9362932695275255e-6,1420.0
2.9277039224977394e-6,1421.0
2.9232026617268144e-6,1422.0
2.873550694150065e-6,1423.0
2.865094774736062e-6,1424.0
2.8606629094278796e-6,1425.0
2.81186130707948e-6,1426.0
2.803537479781958e-6,1427.0
2.799174203539417e-6,1428.0
2.75121212656153e-6,1429.0
2.743018836907636e-6,1430.0
2.7387235160990443e-6,1431.0
2.691589589413228e-6,1432.0
2.6835254721885185e-6,1433.0
2.6792973725900577e-6,1434.0
2.632980965575115e-6,1435.0
2.6250444635263335e-6,1436.0
2.6208827956347226e-6,1437.0
2.5753730129214764e-6,1438.0
2.5675627534733496e-6,1439.0
2.56346692536113e-6,1440.0
2.518752919578045e-6,1441.0
2.5110676866007148e-6,1442.0
2.5070368459919963e-6,1443.0
2.463108268900357e-6,1444.0
2.4555464710023892e-6,1445.0
2.4515799423346503e-6,1446.0
2.4084262679998574e-6,1447.0
2.4009865541599386e-6,1448.0
2.3970836577473962e-6,1449.0
2.3546944542514245e-6,1450.0
2.347375583647264e-6,1451.0
2.34353550709294e-6,1452.0
2.3019006362032508e-6,1453.0
2.2947010387706005e-6,1454.0
2.290923215926344e-6,1455.0
2.2500323923627925e-6,1456.0
2.2429509334757904e-6,1457.0
2.239234603515024e-6,1458.0
2.1990779191323877e-6,1459.0
2.192113098528842e-6,1460.0
2.1884575824120264e-6,1461.0
2.149025025142926e-6,1462.0
2.1421756475242616e-6,1463.0
2.138580264249085e-6,1464.0
2.099861983735128e-6,1465.0
2.0931266492397687e-6,1466.0
2.089590730741046e-6,1467.0
2.0515770549636245e-6,1468.0
2.044954387058442e-6,1469.0
2.0414772123802087e-6,1470.0
2.0041585464710524e-6,1471.0
1.9976473650854554e-6,1472.0
1.994228311233124e-6,1473.0
1.957595008520782e-6,1474.0
1.9511939211815233e-6,1475.0
1.94783231133955e-6,1476.0
1.9118750581518364e-6,1477.0
1.9055828532281134e-6,1478.0
1.9022779818627971e-6,1479.0
1.866987356865614e-6,1480.0
1.8608027816054999e-6,1481.0
1.8575540154430784e-6,1482.0
1.8229208838828256e-6,1483.0
1.8168424914591632e-6,1484.0
1.8136492458201726e-6,1485.0
1.779664404716419e-6,1486.0
1.7736910658173709e-6,1487.0
1.7705526233976377e-6,1488.0
1.7372069483350514e-6,1489.0
1.7313374394177336e-6,1490.0
1.728253189795455e-6,1491.0
1.695537787398477e-6,1492.0
1.689770834769135e-6,1493.0
1.6867401473337671e-6,1494.0
1.6546461147107636e-6,1495.0
1.6489805038281565e-6,1496.0
1.6460027615783689e-6,1497.0
1.6145214490866006e-6,1498.0
1.6089559204166385e-6,1499.0
1.6060304129421765e-6,1500.0
1.5751529471570887e-6,1501.0
1.5696863682365999e-6,1502.0
1.5668124978415375e-6,1503.0
1.536530566624637e-6,1504.0
1.5311616199368664e-6,1505.0
1.5283388005778221e-6,1506.0
1.4986436365407971e-6,1507.0
1.4933711742137477e-6,1508.0
1.4905988023164484e-6,1509.0
1.4614821858752605e-6,1510.0
1.4563050135195095e-6,1511.0
1.453582475212821e-6,1512.0
1.425035836752648e-6,1513.0
1.4199528460430272e-6,1514.0
1.417279531959052e-6,1515.0
1.3892948103699709e-6,1516.0
1.3843048037410691e-6,1517.0
1.3816800326010108e-6,1518.0
1.3542490230081473e-6,1519.0
1.3493508409778774e-6,1520.0
1.3467740251833787e-6,1521.0
1.3198887273361934e-6,1522.0
1.3150811835628669e-6,1523.0
1.312551826804502e-6,1524.0
1.2862041196532647e-6,1525.0
1.281486159865299e-6,1526.0
1.2790035908460962e-6,1527.0
1.2531857026658464e-6,1528.0
1.248556085697926e-6,1529.0
1.2461197015283097e-6,1530.0
1.2208237703319711e-6,1531.0
1.2162813746642118e-6,1532.0
1.2138907052505494e-6,1533.0
1.1891090268513436e-6,1534.0
1.1846527178301596e-6,1535.0
1.1823070554344321e-6,1536.0
1.1580320557867487e-6,1537.0
1.1536607143005784e-6,1538.0
1.1513595642771843e-6,1539.0
1.127583425142034e-6,1540.0
1.1232960494553228e-6,1541.0
1.121038809241239e-6,1542.0
1.0977541689445187e-6,1543.0
1.0935496776609513e-6,1544.0
1.0913358305346518e-6,1545.0
1.0685352446284567e-6,1546.0
1.0644123769719575e-6,1547.0
1.0622413601088533e-6,1548.0
1.0399174863533172e-6,1549.0
1.035875301358533e-6,1550.0
1.0337465049498046e-6,1551.0
1.0118921361266571e-6,1552.0
1.0079295102085514e-6,1553.0
1.0058423937294964e-6,1554.0
9.84450282745265e-7,1555.0
9.805661695310517e-7,1556.0
9.78520159686075e-7,1557.0
9.575830956816194e-7,1558.0
9.537766106580296e-7,1559.0
9.517711879138104e-7,1560.0
9.312823141592719e-7,1561.0
9.275521896007009e-7,1562.0
9.255868039763731e-7,1563.0
9.055391183734529e-7,1564.0
9.018843456222418e-7,1565.0
8.999584463954054e-7,1566.0
8.80345084503399e-7,1567.0
8.767646150692487e-7,1568.0
8.74877720079061e-7,1569.0
8.556919126445399e-7,1570.0
8.521846539022894e-7,1571.0
8.503363018201371e-7,1572.0
8.315709860351989e-7,1573.0
8.281362444787558e-7,1574.0
8.263256994666671e-7,1575.0
8.079745409343932e-7,1576.0
8.046110046392222e-7,1577.0
8.028378765294044e-7,1578.0
7.848941084182071e-7,1579.0
7.816009640140574e-7,1580.0
7.798647027877763e-7,1581.0
7.623218161700707e-7,1582.0
7.590980478206602e-7,1583.0
7.573981047642073e-7,1584.0
7.402497795175361e-7,1585.0
7.370942432992838e-7,1586.0
7.354301709120227e-7,1587.0
7.18669827118277e-7,1588.0
7.155816590092818e-7,1589.0
7.139529599192269e-7,1590.0
6.97574398275811e-7,1591.0
6.945526237786722e-7,1592.0
6.929587488615062e-7,1593.0
6.769556663701026e-7,1594.0
6.739993349462415e-7,1595.0
6.724397631507847e-7,1596.0
6.568060017522193e-7,1597.0
6.539141664572733e-7,1598.0
6.523884490010474e-7,1599.0
6.371179383941122e-7,1600.0
6.342895438225427e-7,1601.0
6.327972052037919e-7,1602.0
6.178837721235942e-7,1603.0
6.151179825992861e-7,1604.0
6.136584738627254e-7,1605.0
5.990962575350121e-7,1606.0
5.963920863211257e-7,1607.0
5.949649773207028e-7,1608.0
5.807479649786908e-7,1609.0
5.781044987611366e-7,1610.0
5.767092801816431e-7,1611.0
5.62831597814767e-7,1612.0
5.60248062807603e-7,1613.0
5.588843333792181e-7,1614.0
5.453402846249306e-7,1615.0
5.42815581700607e-7,1616.0
5.414827374471649e-7,1617.0
5.282665391225431e-7,1618.0
5.25799775017474e-7,1619.0
5.244975056957547e-7,1620.0
5.116033760856076e-7,1621.0
5.091937988715236e-7,1622.0
5.079214681090196e-7,1623.0
4.953440115126487e-7,1624.0
4.929907186474893e-7,1625.0
4.917479275997646e-7,1626.0
4.794816062430631e-7,1627.0
4.771834731516035e-7,1628.0
4.7596985311727387e-7,1629.0
4.6400899949930036e-7,1630.0
4.6176544148492696e-7,1631.0
4.605803972219397e-7,1632.0
4.489198216352569e-7,1633.0
4.467297449777247e-7,1634.0
4.455728785405061e-7,1635.0
4.3420711622505193e-7,1636.0
4.320698232491059e-7,1637.0
4.309406855504403e-7,1638.0
4.198644442703936e-7,1639.0
4.1777904846186797e-7,1640.0
4.1667722658437596e-7,1641.0
4.058852573272444e-7,1642.0
4.038509407096861e-7,1643.0
4.0277592085727626e-7,1644.0
3.922630641618688e-7,1645.0
3.9027892673409687e-7,1646.0
3.892303531060492e-7,1647.0
3.7899155794325924e-7,1648.0
3.770566952846503e-7,1649.0
3.760341889025565e-7,1650.0
3.6606431551972027e-7,1651.0
3.641779863673642e-7,1652.0
3.6318101096548395e-7,1653.0
3.534749346441375e-7,1654.0
3.516365369398314e-7,1655.0
3.5066460553311176e-7,1656.0
3.412177398701705e-7,1657.0
3.394260043642372e-7,1658.0
3.3847890803233046e-7,1659.0
3.292860818453923e-7,1660.0
3.2754060031728953e-7,1661.0
3.2661777122375043e-7,1662.0
3.1767415435633564e-7,1663.0
3.1597403443196347e-7,1664.0
3.150750951355288e-7,1665.0
3.0637597013576224e-7,1666.0
3.047203409465543e-7,1667.0
3.0384485789503117e-7,1668.0
2.9538565206336394e-7,1669.0
2.937737904849998e-7,1670.0
2.9292128379427524e-7,1671.0
2.8469717995012844e-7,1672.0
2.831283271300821e-7,1673.0
2.8229853278892585e-7,1674.0
2.7430509094359846e-7,1675.0
2.7277838987025967e-7,1676.0
2.719708016357685e-7,1677.0
2.6420331328780093e-7,1678.0
2.6271802612760197e-7,1679.0
2.6193233504543666e-7,1680.0
2.543863662685222e-7,1681.0
2.5294174671591666e-7,1682.0
2.521775312828077e-7,1683.0
2.4484864721689225e-7,1684.0
2.43444051416101e-7,1685.0
2.427008815277055e-7,1686.0
2.3558478071824058e-7,1687.0
2.3421926271492197e-7,1688.0
2.3349682912135727e-7,1689.0
2.265889395654273e-7,1690.0
2.2526200245777655e-7,1691.0
2.2455981269806987e-7,1692.0
2.1785613418345227e-7,1693.0
2.1656691447915914e-7,1694.0
2.1588468608116744e-7,1695.0
2.0938084309590681e-7,1696.0
2.0812859544385028e-7,1697.0
2.074659152841291e-7,1698.0
2.0115772092342166e-7,1699.0
1.9994179982226146e-7,1700.0
1.992983111349566e-7,1701.0
1.931816025307348e-7,1702.0
1.920014426304358e-7,1703.0
1.913767234680625e-7,1704.0
1.854474943533158e-7,1705.0
1.843022350518607e-7,1706.0
1.8369585659962046e-7,1707.0
1.779502702048545e-7,1708.0
1.7683916978242187e-7,1709.0
1.7625092053267902e-7,1710.0
1.706848622312035e-7,1711.0
1.696072997866742e-7,1712.0
1.69036769852385e-7,1713.0
1.6364621672998369e-7,1714.0
1.62601506727911e-7,1715.0
1.620483626350714e-7,1716.0
1.5682958559209002e-7,1717.0
1.5581705549143418e-7,1718.0
1.5528085095037177e-7,1719.0
1.5022996351720768e-7,1720.0
1.4924903801602128e-7,1721.0
1.4872949333442345e-7,1722.0
1.4384281851058791e-7,1723.0
1.4289272519399396e-7,1724.0
1.423895216951205e-7,1725.0
1.376631743774973e-7,1726.0
1.3674333711927505e-7,1727.0
1.3625606637322275e-7,1728.0
1.3168659005959502e-7,1729.0
1.3079633686738906e-7,1730.0
1.3032470426966078e-7,1731.0
1.2590824522772267e-7,1732.0
1.250469725455679e-7,1733.0
1.24590653052083e-7,1734.0
1.203238377141361e-7,1735.0
1.1949083767529748e-7,1736.0
1.1904948992408172e-7,1737.0
1.1492864941638409e-7,1738.0
1.1412340616401934e-7,1739.0
1.13696591725263e-7,1740.0
1.0971838097528613e-7,1741.0
1.0894025285983223e-7,1742.0
1.0852782586524171e-7,1743.0
1.0468877372558583e-7,1744.0
1.0393705983299419e-7,1745.0
1.0353859668225074e-7,1746.0
9.983541104460347e-8,1747.0
9.910947954225961e-8,1748.0
9.872470858370709e-8,1749.0
9.515396807603023e-8,1750.0
9.445330788918121e-8,1751.0
9.408199641886505e-8,1752.0
9.064031984524907e-8,1753.0
8.996429339379017e-8,1754.0
8.960603828967538e-8,1755.0
8.629027025113197e-8,1756.0
8.563840373626525e-8,1757.0
8.529284822710617e-8,1758.0
8.209980874898375e-8,1759.0
8.14714201311862e-8,1760.0
8.113833846554358e-8,1761.0
7.806495123491968e-8,1762.0
7.745950169893655e-8,1763.0
7.713854619830062e-8,1764.0
7.418164275353714e-8,1765.0
7.359856893375224e-8,1766.0
7.328945529221999e-8,1767.0
7.044601478873905e-8,1768.0
6.988472188160662e-8,1769.0
6.958717368747303e-8,1770.0
6.68541065767211e-8,1771.0
6.631418964959607e-8,1772.0
6.602792704360936e-8,1773.0
6.340226938164861e-8,1774.0
6.288307478885688e-8,1775.0
6.260782524570201e-8,1776.0
6.008676401384844e-8,1777.0
5.958769680690818e-8,1778.0
5.932313376595543e-8,1779.0
5.6903654460202596e-8,1780.0
5.642437188876951e-8,1781.0
5.617021954731976e-8,1782.0
5.384952763149672e-8,1783.0
5.338941942424069e-8,1784.0
5.314542155501273e-8,1785.0
5.092081526163064e-8,1786.0
5.0479360729201453e-8,1787.0
5.0245202205326453e-8,1788.0
4.8113845916438466e-8,1789.0
4.7690515782222077e-8,1790.0
4.7466043256017297e-8,1791.0
4.5425286059938225e-8,1792.0
4.5019651994946976e-8,1793.0
4.4804455478540546e-8,1794.0
4.2851658431884506e-8,1795.0
4.246308890814606e-8,1796.0
4.2257064734850176e-8,1797.0
4.038952496302458e-8,1798.0
4.001766912527394e-8,1799.0
3.98204583675798e-8,1800.0
3.8035607689730996e-8,1801.0
3.767992337164083e-8,1802.0
3.7491246889299806e-8,1803.0
3.5786655932945885e-8,1804.0
3.544685058131481e-8,1805.0
3.526640412340138e-8,1806.0
3.3639586117562286e-8,1807.0
3.331483959112737e-8,1808.0
3.3142571508200134e-8,1809.0
3.159109934587627e-8,1810.0
3.128122061913246e-8,1811.0
3.1116738188510844e-8,1812.0
2.963815442769403e-8,1813.0
2.934238593986349e-8,1814.0
2.9185643822905524e-8,1815.0
2.777747629871961e-8,1816.0
2.7496047982491467e-8,1817.0
2.734639354308626e-8,1818.0
2.6006546911120843e-8,1819.0
2.5738033046153137e-8,1820.0
2.5595838136538073e-8,1821.0
2.432179492422779e-8,1822.0
2.4066916311100153e-8,1823.0
2.3931230816278867e-8,1824.0
2.2721099191336296e-8,1825.0
2.2478024277349794e-8,1826.0
2.2349616587536594e-8,1827.0
2.1200683972193765e-8,1828.0
2.0970754725360665e-8,1829.0
2.0848074782809575e-8,1830.0
1.9758933963229553e-8,1831.0
1.9539478834703553e-8,1832.0
1.942394321685366e-8,1833.0
1.839154734796289e-8,1834.0
1.8184994719784837e-8,1835.0
1.8074365952719658e-8,1836.0
1.709771908952764e-8,1837.0
1.6900251096926966e-8,1838.0
1.6796775573559803e-8,1839.0
1.587270167265341e-8,1840.0
1.568802742579521e-8,1841.0
1.5588547830087447e-8,1842.0
1.471628379613882e-8,1843.0
1.4539078369700658e-8,1844.0
1.4447031532480011e-8,1845.0
1.3623084923675396e-8,1846.0
1.345907330743955e-8,1847.0
1.3369685794172216e-8,1848.0
1.2594270694063605e-8,1849.0
1.2435558545872324e-8,1850.0
1.2354179068710042e-8,1851.0
1.1622705562594889e-8,1852.0
1.1478166892209215e-8,1853.0
1.1397952603044596e-8,1854.0
1.0711778371012288e-8,1855.0
1.0569889089639815e-8,1856.0
1.0498673560807526e-8,1857.0
9.852381548083847e-9,1858.0
9.726033884000457e-9,1859.0
9.654088662648345e-9,1860.0
9.050161684663077e-9,1861.0
8.923374539098487e-9,1862.0
8.861765124366936e-9,1863.0
8.29360421485054e-9,1864.0
8.184403874956656e-9,1865.0
8.11963807616157e-9,1866.0
7.591412936836946e-9,1867.0
7.477905953916477e-9,1868.0
7.42542087317571e-9,1869.0
6.928744089258184e-9,1870.0
6.835629804349769e-9,1871.0
6.777026910816103e-9,1872.0
6.318142856927706e-9,1873.0
6.216104373669801e-9,1874.0
6.1723867849986915e-9,1875.0
5.74068180277449e-9,1876.0
5.663005299211767e-9,1877.0
5.60942036809257e-9,1878.0
5.214079048837463e-9,1879.0
5.121654292889416e-9,1880.0
5.086086011162615e-9,1881.0
4.713787719850491e-9,1882.0
4.65035701714447e-9,1883.0
4.600626459101494e-9,1884.0
4.2637126268324565e-9,1885.0
4.17897974169928e-9,1886.0
4.15117287862465e-9,1887.0
3.832729769968911e-9,1888.0
3.782698801357005e-9,1889.0
3.735423694500121e-9,1890.0
3.4519126853388225e-9,1891.0
3.373161608320086e-9,1892.0
3.35240811631063e-9,1893.0
3.0832470049978265e-9,1894.0
3.045221795330164e-9,1895.0
2.9991524439998116e-9,1896.0
2.7648879235223602e-9,1897.0
2.690206381336685e-9,1898.0
2.675578152153376e-9,1899.0
2.4517734515432985e-9,1900.0
2.423994294481024e-9,1901.0
2.3776761052377837e-9,1902.0
2.1888706557903647e-9,1903.0
2.1169644881363927e-9,1904.0
2.1073255373540465e-9,1905.0
1.9250979193250894e-9,1906.0
1.9057380415253877e-9,1907.0
1.8581477555762954e-9,1908.0
1.7109999650310153e-9,1909.0
1.6408343466721456e-9,1910.0
1.6349879592629676e-9,1911.0
1.4905216942552251e-9,1912.0
1.4774976042219065e-9,1913.0
1.428146598382729e-9,1914.0
1.318443272152732e-9,1915.0
1.2502374595853328e-9,1916.0
1.247001370977754e-9,1917.0
1.1357785806460329e-9,1918.0
1.127226961522746e-9,1919.0
1.0768766890191485e-9,1920.0
9.990664540324768e-10,1921.0
9.341025781647023e-10,1922.0
9.32470745604961e-10,1923.0
8.49125996508329e-10,1924.0
8.435525597948554e-10,1925.0
7.942007545395954e-10,1926.0
7.419160176866912e-10,1927.0
6.821968983304415e-10,1928.0
6.814494686319521e-10,1929.0
6.201196621491678e-10,1930.0
6.16651227167971e-10,1931.0
5.706936627107392e-10,1932.0
5.375987940527233e-10,1933.0
4.850188488831951e-10,1934.0
4.847173569279459e-10,1935.0
4.4022048366371407e-10,1936.0
4.380369026610762e-10,1937.0
3.9780509961743515e-10,1938.0
3.778669443571762e-10,1939.0
3.3391305622710605e-10,1940.0
3.3380305780032555e-10,1941.0
3.0176214710578154e-10,1942.0
3.00491931693363e-10,1943.0
2.674029350694772e-10,1944.0
2.5596965747913465e-10,1945.0
2.2105013721200952e-10,1946.0
2.2100933550496079e-10,1947.0
1.9830597041824423e-10,1948.0
1.974943112764506e-10,1949.0
1.718704384740794e-10,1950.0
1.6566315536354786e-10,1951.0
1.394072503199754e-10,1952.0
1.3939755117638563e-10,1953.0
1.2369665487215803e-10,1954.0
1.2338420647744963e-10,1955.0
1.0447327807444365e-10,1956.0
1.0126278963216632e-10,1957.0
8.269768847366147e-11,1958.0
8.268749013390314e-11,1959.0
7.221155668759516e-11,1960.0
7.190565744560868e-11,1961.0
5.907390556254322e-11,1962.0
5.7552822046693465e-11,1963.0
4.528940191126194e-11,1964.0
4.528807164827692e-11,1965.0
3.872530092918337e-11,1966.0
3.858535683930542e-11,1967.0
3.045016748717865e-11,1968.0
2.986388470220686e-11,1969.0
2.2253808457401525e-11,1970.0
2.2249640957852476e-11,1971.0
1.843317738947771e-11,1972.0
1.8363383183300797e-11,1973.0
1.3804865188114105e-11,1974.0
1.35534333127614e-11,1975.0
9.351180257619404e-12,1976.0
9.351067639313495e-12,1977.0
7.462183215488473e-12,1978.0
7.332322274150711e-12,1979.0
5.096723803162117e-12,1980.0
4.962638508749193e-12,1981.0
3.075961608287381e-12,1982.0
3.07503722070431e-12,1983.0
2.392156993196421e-12,1984.0
2.1704215549616507e-12,1985.0
1.3821958462297162e-12,1986.0
1.31364786037189e-12,1987.0
6.449048681487311e-13,1988.0
6.444095426652447e-13,1989.0
4.580163034518744e-13,1990.0
3.9796455407111434e-13,1991.0
3.736043307721182e-13,1992.0
2.5238740788257273e-13,1993.0
1.6228822848104478e-13,1994.0
1.2118134483493024e-13,1995.0
3.911390474144639e-14,1996.0
2.7792454350686545e-14,1997.0
2.7596011340155556e-14,1998.0
1.3460850106286769e-14,1999.0
5.245660984268947e-16,2000.0
0.0,2001.0
